{
    "rmse": 0.7967729272434317,
    "mae": 0.6497836171221969,
    "r2": -0.017423931388384384
}